BLOCK_SIZE,objective,elapsed_sec
48,2.2212,11.425659894943237
9,14.8085,57.42761588096619
29,4.1678,71.42045283317566
8,16.6397,123.4296326637268
46,1.9314,131.42928099632263
57,1.4564,137.4256420135498
18,5.9727,157.39095497131348
49,2.5533,165.90388083457947
52,1.7704,173.41831398010254
91,0.9106,177.42810773849487
